churn,avg(MonthlyCharges)
No,61.2651236953999
Yes,74.4413322632423
